Numero,Wiki Friendly Name,Sestiere,lat,long,street view html,Affordability,Affordability (Scaled),Resident Services,Resident Services (Scaled),Tourism,Tourism (Scaled),User Density,User Density (Scaled),Accessibility,Reachability,Reachability (Scaled),Green Space,Green Space (Scaled),TOTAL AVERAGE,Public Services Average,Island Usage Average,Mobility
#,Island of _____,,,,,,,,,,,,,,,,,,,,,
1,Island of Sant'Alvise,Cannaregio,45.448163,12.327812,https://www.google.com/maps/embed?pb=!4v1750252329757!6m8!1m7!1sdJvg2AR19Hza47yrX_hoGg!2m2!1d45.44793226890473!2d12.32835422767917!3f114.94904765231281!4f2.6240636575926715!5f0.7820865974627469,3800000,6.385004154,0,0,0.2662116041,9.619697708,0.005637612448,9.671045874,0,1.5,0.5,0.4078698956,4.371087768,4.363833643,3.585363974,9.645371791,0.25
2,Island of Madonna dell'Orto,Cannaregio,45.446664,12.332765,https://www.google.com/maps/embed?pb=!4v1750252589256!6m8!1m7!1sCAoSF0NJSE0wb2dLRUlDQWdJREVuS2VuemdF!2m2!1d45.44670280704172!2d12.33275715965958!3f206.94920033535817!4f0.8639183132722934!5f0.7820865974627469,9948333.333,0,0,0,0.03273809524,9.953231293,0.005569823435,9.675001356,0,3.65,1.216666667,0.245523764,2.63124573,3.353735006,0.87708191,9.814116324,0.6083333333
3,Island of Sensa,Cannaregio,45.447174,12.327027,https://www.google.com/maps/embed?pb=!4v1750252622919!6m8!1m7!1sCAoSFkNJSE0wb2dLRUlDQWdJREUxb0xFTFE.!2m2!1d45.44731014390221!2d12.32669702213889!3f18.087769310154968!4f-1.947219401961192!5f0.7820865974627469,4910000,5.232276378,0,0,0.3824130879,9.453695589,0.02059970746,8.798009117,0,0,0,0.1571338703,1.683982921,3.595423429,2.305419766,9.125852353,0
4,Island of Brazzo,Cannaregio,45.446091,12.330738,https://www.google.com/maps/embed?pb=!4v1750252671362!6m8!1m7!1syECKDtffQw6VvN9vPJjDyA!2m2!1d45.44604801238261!2d12.33088335058224!3f34.875125026786414!4f-3.4350635350950256!5f0.7820865974627469,7350000,2.698352257,0,0,0.3732394366,9.466800805,0.01598753792,9.067128752,0,0,0,0.1425409521,1.527592546,3.251410623,1.408648268,9.266964778,0
5,Island of Mori,Cannaregio,45.445401,12.332802,https://www.google.com/maps/embed?pb=!4v1750252688269!6m8!1m7!1s6PvFKrz8vdKa1QL-3KssqQ!2m2!1d45.44540268990832!2d12.33279600190568!3f134.62615357916198!4f-1.6818678840937054!5f0.7820865974627469,4460000,5.699598449,0,0,1.874371859,7.322325915,0.04699435404,7.257884113,0,0,0,0.08175258546,0.876131654,3.022277162,2.191910034,7.290105014,0
6,Island of S. Maria di Valverde Maggiore,Cannaregio,45.444425,12.334682,https://www.google.com/maps/embed?pb=!4v1750252714722!6m8!1m7!1sCAoSF0NJSE0wb2dLRUlDQWdJQzRzcUtSa1FF!2m2!1d45.44460993336455!2d12.33463008747226!3f186.6465937311139!4f5.605052549408001!5f0.7820865974627469,3911250,6.269471753,0,0,0.3372093023,9.518272425,0.007156092262,9.582442728,0,0,0,0.3376007427,3.618022543,4.141172778,3.295831432,9.550357577,0
7,Island of San Girolamo,Cannaregio,45.447185,12.324054,https://www.google.com/maps/embed?pb=!4v1750252736029!6m8!1m7!1sDTyFgQy-WNBOwdZO2oXErg!2m2!1d45.44720338269435!2d12.32404075659145!3f193.62929925607315!4f-4.1086177437825455!5f0.7820865974627469,0,10,1.5,0.03311258278,0.2050078247,9.707131679,0.01732790242,8.988918616,0,0,0,0.09220163415,0.9881127279,4.245325087,3.67374177,9.348025147,0
8,Island of Ormesini,Cannaregio,45.445912,12.328324,https://www.google.com/maps/embed?pb=!4v1750252755824!6m8!1m7!1sFeD08SeclarNIhuZFsv0oA!2m2!1d45.44592247361193!2d12.32830186436878!3f188.19299484731016!4f-0.24146782072729422!5f0.7820865974627469,4067500,6.107207145,111,2.450331126,0.6952861953,9.006734007,0.04319663693,7.479480529,0,0,0,0.0745385206,0.7988194743,3.69179604,3.118785915,8.243107268,0
9,Island of Misericordia,Cannaregio,45.444534,12.332504,https://www.google.com/maps/embed?pb=!4v1750252791386!6m8!1m7!1sqkOHcH7fVAE2495mD7ezVg!2m2!1d45.44457618117524!2d12.33248953260826!3f35.466369863950646!4f-3.267235260268208!5f0.7820865974627469,6076000,4.021392966,15,0.3311258278,1.284931507,8.164383562,0.02428533616,8.582953049,0,0,0,0.07096384479,0.7605101461,3.122909364,1.70434298,8.373668305,0
10,Island of Chiovere San Girolamo,Cannaregio,45.44619,12.323742,https://www.google.com/maps/embed?pb=!4v1750252821646!6m8!1m7!1sPsBsgS_VM0P14FWxdtf8qw!2m2!1d45.44625579067005!2d12.32373263557618!3f109.48441133723159!4f-2.3852338889093403!5f0.7820865974627469,2636500,7.593291332,0,0,0.1474926254,9.789296249,0.01279563172,9.253376161,0,0,0,0.1486301708,1.592849898,4.032687663,3.062047077,9.521336205,0
11,Island of Ghetto,Cannaregio,45.445353,12.326893,https://www.google.com/maps/embed?pb=!4v1750252863510!6m8!1m7!1sCAoSF0NJSE0wb2dLRUlDQWdJRHFyYUxfcFFF!2m2!1d45.4453500047603!2d12.32689303648616!3f297.1319011842097!4f1.6271439181168859!5f0.7820865974627469,3651250,6.539480061,5,0.1103752759,0.4943820225,9.293739968,0.01979891725,8.844735147,0,0,0,0.1234978696,1.323510347,3.730262971,2.657788561,9.069237557,0
12,Island of Servi,Cannaregio,45.444259,12.33118,https://www.google.com/maps/embed?pb=!4v1750252969801!6m8!1m7!1svejsnaKXSGb2nOLxGf4U4g!2m2!1d45.4439705282327!2d12.33203188658153!3f78.19251276257216!4f0.12028560328356264!5f0.7820865974627469,4725000,5.424397674,100,2.207505519,0,10,0.01304380608,9.238895212,0,0,0,0.4451856532,4.77099581,4.520256316,4.134299667,9.619447606,0
13,Island of San Marziale,Cannaregio,45.443598,12.333141,https://www.google.com/maps/embed?pb=!4v1750252984371!6m8!1m7!1s7XJ2r6KzdHiX-Ky9gczqkw!2m2!1d45.44354435987334!2d12.33300991151862!3f139.55225049857236!4f1.5244257407758823!5f0.7820865974627469,4569375,5.586013223,0,0,1.132352941,8.382352941,0.02261384903,8.680484157,0,0,0,0.08741314811,0.9367951558,3.369377925,2.17426946,8.531418549,0
14,Island of Ca'Vendramin,Cannaregio,45.443261,12.33277,https://www.google.com/maps/embed?pb=!4v1750253002793!6m8!1m7!1s3hZ67ItsNT5NuUHUvrXDbw!2m2!1d45.4431610600898!2d12.33256542910511!3f136.14495369719262!4f-0.9009190788380153!5f0.7820865974627469,3966666.667,6.211921905,0,0,2.93814433,5.802650957,0.04946628482,7.113647198,0,0,0,0.07774721744,0.8332066543,2.851632388,2.348376186,6.458149078,0
15,Island of San Leonardo,Cannaregio,45.44494,12.325107,https://www.google.com/maps/embed?pb=!4v1750253046693!6m8!1m7!1sKpXdiEIYeK1hxeESc_yBIA!2m2!1d45.44487356059679!2d12.32577418577915!3f280.3805102444394!4f-0.9499061185221223!5f0.7820865974627469,4630000,5.523054556,339,7.483443709,0.928678118,8.673316974,0.02842563858,8.341366815,0,13.89285714,4.630952381,0.1153478665,1.236167841,5.126900325,4.747555369,8.507341894,2.31547619
16,Island of Maddalena,Cannaregio,45.443004,12.330536,https://www.google.com/maps/embed?pb=!4v1750253066163!6m8!1m7!1sWXny0hCKxirFqe-wB6efyw!2m2!1d45.44315422791433!2d12.33117072655143!3f256.1586366315231!4f0!5f0.7820865974627469,4145000,6.026723899,0.5,0.01103752759,1.488888889,7.873015873,0.02795487984,8.36883554,0,0,0,0.07831606079,0.8393028733,3.302702245,2.292354767,8.120925706,0
17,Island of Santa Fosca,Cannaregio,45.442533,12.332195,https://www.google.com/maps/embed?pb=!4v1750253116698!6m8!1m7!1srvqrr1I0YWe2EFO5jx4_nA!2m2!1d45.44255035318237!2d12.33241029109789!3f332.593951862722!4f-3.3004864674786347!5f0.7820865974627469,4270833.333,5.896046801,110,2.428256071,1.489208633,7.872559096,0.02375494895,8.61390109,0,0,0,0.01281739158,0.1373622916,3.564017907,2.820555054,8.243230093,0
18,Island of San Felice,Cannaregio,45.44213,12.333492,https://www.google.com/maps/embed?pb=!4v1750253139659!6m8!1m7!1sCAoSFENJSE0wb2dLRUlDQWdJQ093YThj!2m2!1d45.44209151888576!2d12.33347382597158!3f175.36329737294255!4f-9.81636401432381!5f0.7820865974627469,2860000,7.361188037,10,0.2207505519,1.744047619,7.508503401,0.03357909336,8.04066324,0,0,0,0.08097030081,0.8677480128,3.428407606,2.816562201,7.774583321,0
19,Island of Macello,Cannaregio,45.445321,12.318345,https://www.google.com/maps/embed?pb=!4v1750253167119!6m8!1m7!1s2KwtZ9e8hSqJnotj0cC0vQ!2m2!1d45.44524494381543!2d12.31845871503717!3f38.60569057752923!4f-2.722482926448251!5f0.7820865974627469,2957500,7.259934921,100,2.207505519,0.3218390805,9.540229885,0.008819694762,9.485371687,3.333333333,3.183333333,1.061111111,0.2242215464,2.40295268,5.041491305,3.956797707,9.512800786,2.197222222
20,Island of San Geremia,Cannaregio,45.442433,12.32075,https://www.google.com/maps/embed?pb=!4v1750253217872!6m8!1m7!1sH8i3nhuLZ2kmQv-yyUgmvQ!2m2!1d45.44255157868555!2d12.32102953868646!3f45.158489315080956!4f-0.9877157406747727!5f0.7820865974627469,4646250,5.506179036,41,0.9050772627,1.637002342,7.661425226,0.008352175347,9.512651399,3.333333333,13.74507042,4.581690141,0.1344138237,1.440495185,4.70583594,2.617250495,8.587038312,3.957511737
21,Island of San Zan Degolà,San Croce,45.440638,12.325764,https://www.google.com/maps/embed?pb=!4v1750590372326!6m8!1m7!1sM9wrUTrUbezcqqGxJH-h3g!2m2!1d45.44067341679782!2d12.32578709308692!3f357.88766336500925!4f-0.5675811037343266!5f0.7820865974627469,5444000,4.677720853,120,2.649006623,0.7775489186,8.889215831,0.02202910267,8.714604049,0,8.6,2.866666667,0.1632810373,1.749861297,4.22101076,3.025529591,8.80190994,1.433333333
22,Island of San Giacomo da l'Orio,San Croce,45.440693,12.32791,https://www.google.com/maps/embed?pb=!4v1750590446668!6m8!1m7!1sN2fs4t0RdehRiypZQpz0MA!2m2!1d45.44059447538033!2d12.32783196975155!3f291.09286924603146!4f-5.489574055432257!5f0.7820865974627469,4302500,5.863161174,10,0.2207505519,0.3805309735,9.456384324,0.01726253556,8.992732766,0,0,0,0.1357913512,1.455257965,3.712612397,2.513056564,9.224558545,0
23,Island of Megio,San Croce,45.441402,12.329047,https://www.google.com/maps/embed?pb=!4v1750590474027!6m8!1m7!1s6BnDpCwT8ChYBf6oQRXCmA!2m2!1d45.44134967895598!2d12.32907321784623!3f25.225557692019486!4f-2.600932621629383!5f0.7820865974627469,6567291.667,3.511189767,0.5,0.01103752759,0.253164557,9.638336347,0.01388499299,9.189812039,0,0,0,0.2834831476,3.038051428,3.626918158,2.186759574,9.414074193,0
24,Island of San Stae,San Croce,45.440886,12.329731,https://www.google.com/maps/embed?pb=!4v1750590547418!6m8!1m7!1sHrLPZv2uMszfYojXKb83aQ!2m2!1d45.44083432935131!2d12.32990863181296!3f34.49211670911925!4f-6.215023165984832!5f0.7820865974627469,6392500,3.692709776,100,2.207505519,1.171348315,8.326645265,0.02637911884,8.460781038,0,3.4,1.133333333,0.1333526065,1.42912226,3.607156742,2.443112518,8.393713151,0.5666666667
25,Island of Ca'Mocenigo,San Croce,45.440454,12.330302,https://www.google.com/maps/embed?pb=!4v1750590570810!6m8!1m7!1sn8_iZvc5DGdOSzrIKhPfvA!2m2!1d45.4406097371256!2d12.33016366425265!3f48.18594704211682!4f-5.98695755419638!5f0.7820865974627469,6026250,4.073058017,0,0,1.223744292,8.251793868,0.03031583395,8.231074103,0,0,0,0.1228740517,1.316824973,3.124678709,1.796627663,8.241433985,0
26,Island of S.M. Mater Domini,San Croce,45.439975,12.330539,https://www.google.com/maps/embed?pb=!4v1750590590104!6m8!1m7!1sjE6MBk9nI9lca4FIvBXkkA!2m2!1d45.44000275514927!2d12.33052699714024!3f225.48548293223632!4f-0.9523941065717167!5f0.7820865974627469,5441250,4.68057671,10,0.2207505519,0.9895470383,8.586361374,0.02686915888,8.43218725,0,0,0,0.05047171816,0.5408987332,3.208682088,1.814075332,8.509274312,0
27,Island of Do Torri,San Croce,45.439727,12.331257,https://www.google.com/maps/embed?pb=!4v1750590610818!6m8!1m7!1su4MqQuFbNlyaa6tZsAO5uQ!2m2!1d45.43974201250045!2d12.33130889718278!3f124.39668364894857!4f-8.979001972734295!5f0.7820865974627469,6930000,3.134519524,5,0.1103752759,1.305993691,8.134294727,0.02241173106,8.692277721,0,0,0,0.1007836159,1.080084692,3.021650277,1.441659831,8.413286224,0
28,Island of San Cassian,San Polo,45.43921,12.332107,https://www.google.com/maps/embed?pb=!4v1750590625185!6m8!1m7!1slizGudwOC8gfne4Hpep9zQ!2m2!1d45.4391973053877!2d12.3321721351198!3f311.2001017847533!4f0!5f0.7820865974627469,6076666.667,4.020700637,25.5,0.5629139073,1.041176471,8.512605042,0.01990483003,8.838555146,0,0,0,0.02699556157,0.2893078656,3.174868943,1.62430747,8.675580094,0
29,Island of San Silvestro,San Polo,45.438285,12.333719,https://www.google.com/maps/embed?pb=!4v1750590645416!6m8!1m7!1sPzOncIQf0U4AZqxqjnrSTQ!2m2!1d45.43829352243078!2d12.33375789673754!3f231.59083390666245!4f0!5f0.7820865974627469,3900000,6.281154805,335.5,7.406181015,3.606242497,4.848225004,0.01814375436,8.941313737,1.25,9.2,3.066666667,0.02301182378,0.2466146742,4.577165129,4.644650165,6.89476937,2.158333333
30,Island of San Boldo,San Polo,45.438864,12.328708,https://www.google.com/maps/embed?pb=!4v1750590664589!6m8!1m7!1suX8SrGpLROSfeVy65nYdaA!2m2!1d45.43881636891764!2d12.32876516171694!3f43.25918122259728!4f-0.004268519746190691!5f0.7820865974627469,5933750,4.169118665,15,0.3311258278,0.5958762887,9.148748159,0.03420595459,8.00408595,0,0,0,0.09613955412,1.030314896,3.240484785,1.843519796,8.576417054,0
31,Island of San Polo,San Polo,45.437385,12.329833,https://www.google.com/maps/embed?pb=!4v1750590682712!6m8!1m7!1sBZtLuoHub-thtmNCTf7UWw!2m2!1d45.43743227309765!2d12.32989213059446!3f125.16426836559722!4f0!5f0.7820865974627469,9020000,0.9640681252,110,2.428256071,2.244837758,6.793088917,0.0296437394,8.270290753,0,0,0,0.08359425248,0.895868556,2.764510346,1.429397584,7.531689835,0
32,Island of Meloni,San Polo,45.437068,12.331381,https://www.google.com/maps/embed?pb=!4v1750590725721!6m8!1m7!1sD0OqMwElZr4_-U0LHJtADg!2m2!1d45.43702984032218!2d12.33146714617635!3f162.72549480723185!4f-2.0981020353840734!5f0.7820865974627469,6413750,3.670641789,5,0.1103752759,0.5696202532,9.186256781,0.03467749051,7.976571876,2.5,0,0,0.1310657083,1.404613874,3.549779942,1.728543646,8.581414328,1.25
33,Island of Tolentini,San Croce,45.438563,12.32304,https://www.google.com/maps/embed?pb=!4v1750590744324!6m8!1m7!1sQoPkcrVFrRTVdHGr9MCN4g!2m2!1d45.43867158081419!2d12.32310924459771!3f246.44902313554817!4f-1.8041356322786442!5f0.7820865974627469,3602500,6.590106619,245.5,5.419426049,1.082797428,8.453146532,0.01507824154,9.120186105,0,0,0,0.1973438728,2.114908203,4.528253358,4.708146957,8.786666319,0
34,Island of Frari,San Polo,45.437364,12.325836,https://www.google.com/maps/embed?pb=!4v1750590764995!6m8!1m7!1sCAoSFkNJSE0wb2dLRUlDQWdJRDJrTHFtWmc.!2m2!1d45.43709128401171!2d12.32644336767158!3f103.4116313346528!4f6.604235723487946!5f0.7820865974627469,2810000,7.413112711,453,10,0.9024590164,8.710772834,0.01417289734,9.173012849,0,15.125,5.041666667,0.1510413041,1.618689695,5.993893537,6.343934135,8.941892841,2.520833333
35,Island of Nomboli,San Polo,45.436744,12.328398,https://www.google.com/maps/embed?pb=!4v1750590783633!6m8!1m7!1sCK3aRQaaV4YQFENQMv4NwQ!2m2!1d45.4367362208406!2d12.32843911820091!3f55.88059455865631!4f-0.4060915408195598!5f0.7820865974627469,7765000,2.267377458,30,0.6622516556,1.899022801,7.287110284,0.0201261013,8.82564399,0,0,0,0.07022713406,0.7526149145,2.8278569,1.227414676,8.056377137,0
36,Island of Piazzale Roma,San Croce,45.437896,12.317422,https://www.google.com/maps/embed?pb=!4v1750590807451!6m8!1m7!1sLQ-icn2WEoP84ZTjyDAVWQ!2m2!1d45.43783555312933!2d12.31749849765053!3f226.51498307620503!4f-3.8969771698428133!5f0.7820865974627469,4351250,5.812534616,120,2.649006623,4.096774194,4.147465438,0.0005751393406,9.966440677,1,30,10,0.06303793395,0.6755692071,4.893002366,3.045703482,7.056953057,5.5
37,Island of Giardini Papadopoli,San Croce,45.438119,12.320677,https://www.google.com/maps/embed?pb=!4v1750590835024!6m8!1m7!1sh9i4xPkp6fBmlN0GLCWVIA!2m2!1d45.43816279096675!2d12.32085415074202!3f240.31115822410695!4f0.12015056731024742!5f0.7820865974627469,3596666.667,6.596164497,100,2.207505519,0,10,0.002903950468,9.830554779,2,0,0,0.5815776689,6.232691016,5.266702259,5.012120344,9.915277389,1
38,Island of Santa Marta,Dorsoduro,45.433562,12.313711,https://www.google.com/maps/embed?pb=!4v1750590873852!6m8!1m7!1s0gNL4q45VNF3zowGdj_4MA!2m2!1d45.43331039644463!2d12.31390595633377!3f253.48881437892888!4f0.24056961614417105!5f0.7820865974627469,0,10,6,0.1324503311,0.1649269311,9.764390098,0.0026924211,9.842897496,0,5.5,1.833333333,0.3399237933,3.642918368,5.030855661,4.591789567,9.803643797,0.9166666667
39,Island of Santa Maria Maggiore,San Croce,45.435967,12.317957,https://www.google.com/maps/embed?pb=!4v1750590893332!6m8!1m7!1sUVE_uM_f9Mr6-_KRswLvlA!2m2!1d45.43607333773418!2d12.31791238786541!3f77.96653373666622!4f0.3590281225449843!5f0.7820865974627469,4401250,5.760609942,10,0.2207505519,0.9071428571,8.704081633,0.007957369528,9.535688279,0,0,0,0.3437364474,3.683778079,3.986415498,3.221712858,9.119884956,0
40,Island of Malcanton,Dorsoduro,45.436317,12.321703,https://www.google.com/maps/embed?pb=!4v1750590920615!6m8!1m7!1sotXF8ygp3Iy2XcWMeaJrBA!2m2!1d45.4363005212602!2d12.32186624763767!3f209.67808100236292!4f-1.456389851116441!5f0.7820865974627469,3691666.667,6.497507616,105,2.317880795,0.4848484848,9.307359307,0.007170381933,9.581608927,0,0,0,0.1684168092,1.804900686,4.21560819,3.540096366,9.444484117,0
41,Island of San Pantalon,Dorsoduro,45.435499,12.325683,https://www.google.com/maps/embed?pb=!4v1750590947620!6m8!1m7!1sHlx0CWo4pKHe_9SjtKp3WA!2m2!1d45.43552758518295!2d12.32578285803706!3f19.582721474164813!4f-6.644895713412694!5f0.7820865974627469,4292500,5.873546109,30,0.6622516556,1.585858586,7.734487734,0.01172670999,9.315747638,0,0,0,0.09732697331,1.04304031,3.518439064,2.526279358,8.525117686,0
42,Island of Ca'Rizzi,San Croce,45.435556,12.319233,https://www.google.com/maps/embed?pb=!4v1750590978089!6m8!1m7!1shC1UrbehC6FrJPs2NFFQ7A!2m2!1d45.43535389592746!2d12.31928612851883!3f72.02098556225411!4f0.0235544921835924!5f0.7820865974627469,3782500,6.40317779,0,0,0.7142857143,8.979591837,0.01692273436,9.012560132,0,0,0,0.3432262131,3.678309965,4.010519961,3.360495918,8.996075985,0
43,Island of Ragusei,Dorsoduro,45.434899,12.321592,https://www.google.com/maps/embed?pb=!4v1750591017547!6m8!1m7!1sIJMkC5Wl83q-NhXnGjrNnw!2m2!1d45.43490096036785!2d12.32168888708303!3f93.6386863749345!4f-0.19307406900685464!5f0.7820865974627469,4572500,5.582767931,110,2.428256071,0.3043478261,9.565217391,0.00636686009,9.628494347,0,0,0,0.2534634072,2.716333838,4.274438511,3.575785946,9.596855869,0
44,Island of Cereri,Dorsoduro,45.43489,12.318939,https://www.google.com/maps/embed?pb=!4v1750591043247!6m8!1m7!1sXhllb5o-l47UsmmeCXz2mA!2m2!1d45.43480433114554!2d12.31900915217015!3f348.7140788022445!4f-0.5951278559366528!5f0.7820865974627469,3745000,6.442121296,15,0.3311258278,0.2235294118,9.680672269,0.01425340917,9.168314992,0,0,0,0.1116433812,1.196467361,3.831243107,2.656571495,9.42449363,0
45,Island of San Nicolò dei Mendicoli,Dorsoduro,45.433526,12.318236,https://www.google.com/maps/embed?pb=!4v1750591066094!6m8!1m7!1s8Eq251rsWUTYATvwUtSVog!2m2!1d45.4338259447417!2d12.31932052543116!3f335.81430836290787!4f-2.162674308157449!5f0.7820865974627469,3910000,6.27076987,111,2.450331126,0.6507936508,9.070294785,0.006911226207,9.596730638,0,0,0,0.2925821692,3.13556444,4.360527265,3.952221812,9.333512711,0
46,Island of San Sebastiano,Dorsoduro,45.431731,12.318426,https://www.google.com/maps/embed?pb=!4v1750591082047!6m8!1m7!1sgw3DuMSCl4SO4yZkidcJPQ!2m2!1d45.43146266002714!2d12.31834826237679!3f93.32156776053789!4f0!5f0.7820865974627469,5050833.333,5.086021878,101.5,2.240618102,0.2439759036,9.651462995,0.006920415225,9.59619446,0,0,0,0.1059149939,1.135076992,3.958482061,2.820572324,9.623828727,0
47,Island of Carmini,Dorsoduro,45.432828,12.323277,https://www.google.com/maps/embed?pb=!4v1750591098516!6m8!1m7!1sTaK6meF8QDo4J7NMNmHngw!2m2!1d45.43257203247763!2d12.32337302520942!3f78.86680714393455!4f-2.8566725485296303!5f0.7820865974627469,6481250,3.600543478,366.5,8.090507726,1.080357143,8.456632653,0.008219609963,9.520386576,0,22.79516129,7.598387097,0.1652096796,1.770530302,5.576712547,4.487193836,8.988509614,3.799193548
48,Island of San Barnaba,Dorsoduro,45.432709,12.324099,https://www.google.com/maps/embed?pb=!4v1750591116140!6m8!1m7!1slmVKyWaS3Q8TKZKFH6zOzw!2m2!1d45.43271486077396!2d12.32414901544669!3f75.58863574526829!4f-2.395555573633061!5f0.7820865974627469,7580000,2.459498754,25,0.5518763797,0.2146892655,9.693301049,0.01348031496,9.213424962,0,8.7,2.9,0.1088228257,1.166239841,3.712048712,1.392538325,9.453363006,1.45
49,Island of Romite,Dorsoduro,45.431584,12.323539,https://www.google.com/maps/embed?pb=!4v1750591132870!6m8!1m7!1s-VZdNlSKXCr-7m1lOFEnLA!2m2!1d45.43161382523631!2d12.32375538742556!3f189.69247156393317!4f-2.4142378367655084!5f0.7820865974627469,5551666.667,4.56590972,0.5,0.01103752759,1.063829787,8.480243161,0.004585854766,9.73241583,0,0,0,0.1879633568,2.014378454,3.543426385,2.197108567,9.106329496,0
50,Island of Cerchieri,Dorsoduro,45.432531,12.32634,https://www.google.com/maps/embed?pb=!4v1750591148306!6m8!1m7!1stRuibwHYoVJ5XVdg-lA82Q!2m2!1d45.43262029584063!2d12.32639831598325!3f77.45810405125636!4f-1.2778495693060279!5f0.7820865974627469,5882500,4.222341457,0,0,1.730769231,7.527472527,0.01591928251,9.071111448,0,0,0,0.185805906,1.991257339,3.258883253,2.071199599,8.299291988,0
51,Island of San Trovaso,Dorsoduro,45.431397,12.325676,https://www.google.com/maps/embed?pb=!4v1750591166876!6m8!1m7!1sEobB8ZRsRCrRLpAGCcUkHQ!2m2!1d45.43173277621276!2d12.32598538023612!3f88.58722113965315!4f-3.201906792546339!5f0.7820865974627469,5867500,4.237918859,110.5,2.439293598,2.748502994,6.073567151,0.006633796504,9.612918633,0,0,0,0.2858801849,3.063740159,3.6324912,3.246984206,7.843242892,0
52,Island of Accademia,Dorsoduro,45.430454,12.327885,https://www.google.com/maps/embed?pb=!4v1750591196611!6m8!1m7!1sTniYP5Ax1HuCRxpCR_gNpg!2m2!1d45.43040320669396!2d12.32820673691699!3f206.6162976394615!4f-2.0645401939590897!5f0.7820865974627469,4863750,5.280306702,223,4.922737307,3.558974359,4.915750916,0.008305457872,9.515377359,0,7.636842105,2.545614035,0.1235697973,1.324281187,4.072009644,3.842441732,7.215564137,1.272807018
53,Island of San Vio,Dorsoduro,45.430051,12.33029,https://www.google.com/maps/embed?pb=!4v1750591282675!6m8!1m7!1s3pBoTbIoTfsMFJR43lep9w!2m2!1d45.43053307281743!2d12.33049800271446!3f117.4233908355611!4f-2.7176163531848516!5f0.7820865974627469,5358750,4.766252423,0,0,1.96,7.2,0.007714445599,9.549862866,0,0,0,0.1559534359,1.671332362,3.312492522,2.145861595,8.374931433,0
54,Island of Spirito Santo,Dorsoduro,45.429379,12.331502,https://www.google.com/maps/embed?pb=!4v1750591306886!6m8!1m7!1swU3qm2mrYfq1lCO38k4Aaw!2m2!1d45.42952454885303!2d12.33158945068334!3f279.5782056136976!4f-4.281999943391384!5f0.7820865974627469,6077500,4.019835226,105,2.317880795,1.532663317,7.810480976,0.009352769679,9.454266819,0,6,2,0.136301536,1.460725548,3.866169909,2.599480523,8.632373898,1
55,Island of San Gregorio,Dorsoduro,45.429894,12.333566,https://www.google.com/maps/embed?pb=!4v1750591330732!6m8!1m7!1sOYCFilrHIWt94koStct9wQ!2m2!1d45.43009429978581!2d12.33351638894285!3f289.9625002254098!4f-5.596944463712404!5f0.7820865974627469,6458333.333,3.624342287,0,0,3.11827957,5.5453149,0.00547309833,9.680645256,0,0,0,0.09020033251,0.9666650427,2.830995355,1.530335777,7.612980078,0
56,Island of Salute,Dorsoduro,45.430537,12.335329,https://www.google.com/maps/embed?pb=!4v1750591362014!6m8!1m7!1sh1qFS5QgkVOCTAyrN_jLbg!2m2!1d45.43100849543985!2d12.33471347204081!3f178.47521400296677!4f23.07945259949102!5f0.7820865974627469,902500,9.394039047,1,0.02207505519,2.333333333,6.666666667,0.0001535076498,9.991042844,0,4.2,1.4,0.1541626902,1.652141177,4.160852113,3.689418426,8.328854755,0.7
57,Island of Gesuiti,Cannaregio,45.44369,12.337624,https://www.google.com/maps/embed?pb=!4v1750591382886!6m8!1m7!1sboCmCuddMB2fYSKDemuL5Q!2m2!1d45.4444082951272!2d12.33812967329617!3f128.00215911249396!4f-3.4503669136511235!5f0.7820865974627469,3786250,6.399283439,0.5,0.01103752759,0.5231958763,9.25257732,0.01177201989,9.313103809,0,3.783333333,1.261111111,0.1277667042,1.369258883,3.943767441,2.593193283,9.282840564,0.6305555556
58,Island of Racchetta,Cannaregio,45.442815,12.335157,https://www.google.com/maps/embed?pb=!4v1750591403364!6m8!1m7!1sjEzqzNUBysxf9aG1FSABEg!2m2!1d45.44288752564594!2d12.33528307214338!3f222.08698113424023!4f-0.7185652430981833!5f0.7820865974627469,3932500,6.247403766,5.5,0.1214128035,0.3518518519,9.497354497,0.02075927769,8.78869821,0,0,0,0.1192851102,1.278362761,3.704747434,2.549059777,9.143026354,0
59,Island of Sant'Andrea Maggiore,Cannaregio,45.44275,12.336369,https://www.google.com/maps/embed?pb=!4v1750591423934!6m8!1m7!1stxvr3c0mK-0L0nMiP_-xUQ!2m2!1d45.44265570053697!2d12.33578338742476!3f23.23425971210213!4f-0.7696179441707187!5f0.7820865974627469,4765833.333,5.381992523,5,0.1103752759,2.802197802,5.996860283,0.04853401651,7.168044961,0,0,0,0.07882806423,0.8447899465,2.786008998,2.112385915,6.582452622,0
60,Island of Sartori,Cannaregio,45.442385,12.338014,https://www.google.com/maps/embed?pb=!4v1750591443116!6m8!1m7!1sMqqBXsPhLFlro9kxNzAJtg!2m2!1d45.44240450479072!2d12.33812671542866!3f42.671013445732214!4f-2.4028277532562328!5f0.7820865974627469,3595000,6.59789532,0,0,0.6733333333,9.038095238,0.03074096754,8.2062676,0,0,0,0.1206957566,1.293480472,3.590819804,2.630458597,8.622181419,0
61,Island of Biri,Cannaregio,45.4417,12.340121,https://www.google.com/maps/embed?pb=!4v1750591467355!6m8!1m7!1s2eTOfGcDAZiT5yVaZxeiNQ!2m2!1d45.44178910539854!2d12.34012407193904!3f22.088798750336604!4f-1.9559426505894635!5f0.7820865974627469,3761666.667,6.424813071,10,0.2207505519,1.196138211,8.291231127,0.04188716112,7.555888313,0,10.525,3.508333333,0.08020112063,0.8595048104,3.837217315,2.501689478,7.92355972,1.754166667
62,Island of Corrente,Cannaregio,45.442202,12.33559,https://www.google.com/maps/embed?pb=!4v1750591486607!6m8!1m7!1sA-y6IRiZp12CzW2hCpKZBg!2m2!1d45.44234658226635!2d12.33559593341157!3f212.01362553299344!4f0.5914061046502468!5f0.7820865974627469,3407500,6.79261285,0,0,2.176100629,6.891284816,0.08369240968,5.116556215,0,0,0,0.03318351842,0.3556233814,2.736582466,2.38274541,6.003920515,0
63,Island of Do Pozzi,Cannaregio,45.441958,12.336312,https://www.google.com/maps/embed?pb=!4v1750591501878!6m8!1m7!1s-BU_pA6JvVrdiTuF93AwRg!2m2!1d45.44204088971462!2d12.33635052228506!3f205.748679393066!4f-1.3858517856293417!5f0.7820865974627469,3666041.667,6.524119011,0,0,0.3711340206,9.469808542,0.03986810552,7.673700006,0,0,0,0.01879908448,0.2014673039,3.409870695,2.241862105,8.571754274,0
64,Island of Santi Apostoli,Cannaregio,45.441142,12.336173,https://www.google.com/maps/embed?pb=!4v1750591518871!6m8!1m7!1s3qG818PZuaSplSXgCDTY3g!2m2!1d45.44133602376079!2d12.33631138948659!3f213.55362374868972!4f-0.6010439180627714!5f0.7820865974627469,5143333.333,4.98996123,112,2.472406181,1.555851064,7.777355623,0.03106174453,8.187550294,0,10.55,3.516666667,0.05664810664,0.6070902723,3.935861467,2.689819228,7.982452959,1.758333333
65,Island of Panada,Cannaregio,45.440431,12.341048,https://www.google.com/maps/embed?pb=!4v1750591533921!6m8!1m7!1sj7huBrlyNTbptKW0-DJebA!2m2!1d45.44051483285394!2d12.34110983550924!3f112.44600781649737!4f-0.4138014158355361!5f0.7820865974627469,4082916.667,6.091197037,6,0.1324503311,1.337917485,8.088689307,0.03901410307,7.723530964,0,0,0,0.07255588288,0.7775718079,3.259062778,2.333739725,7.906110135,0
66,Island of San Zanipolo,Castello,45.439583,12.34353,https://www.google.com/maps/embed?pb=!4v1750591555877!6m8!1m7!1sI7Ku584WeJPgz8LDJkei9A!2m2!1d45.44120737695255!2d12.3437708940578!3f227.5368760751059!4f15.045099913343847!5f0.7820865974627469,6566666.667,3.511838826,40.5,0.8940397351,0.7867867868,8.876018876,0.009679701281,9.435190392,0,9.927272727,3.309090909,0.09103378576,0.975597051,3.857396541,1.793825204,9.155604634,1.654545455
67,Island of San Francesco de la Vigna,Castello,45.437931,12.348774,https://www.google.com/maps/embed?pb=!4v1750591580019!6m8!1m7!1sCAoSF0NJSE0wb2dLRUlDQWdJQ0VvTnFoOGdF!2m2!1d45.43835727150054!2d12.3474700794105!3f315.7030000132835!4f0.9828046506620751!5f0.7820865974627469,4140000,6.031916367,0,0,0.3959183673,9.434402332,0.007716526418,9.549741451,0,10.7,3.566666667,0.1807069207,1.936612187,4.359905572,2.656176185,9.492071891,1.783333333
68,Island of Bacini Arsenale,Castello,45.438255,12.358133,https://www.google.com/maps/embed?pb=!4v1750591621857!6m8!1m7!1sCAoSFkNJSE0wb2dLRUlDQWdJRDJtTkhoTmc.!2m2!1d45.43832949843819!2d12.35777684109128!3f45.2719541996571!4f0!5f0.7820865974627469,0,10,100,2.207505519,0.1111111111,9.841269841,0.00024084671,9.985946618,0,1.227272727,0.4090909091,0.1336800043,1.432630939,4.839491975,4.546712153,9.91360823,0.2045454545
69,Island of San Cancian,Cannaregio,45.439853,12.338017,https://www.google.com/maps/embed?pb=!4v1750591637485!6m8!1m7!1sem1oTiAHDRoYbWbLEIKDqg!2m2!1d45.43988212296874!2d12.33800119575144!3f159.37710614628898!4f-2.5227565680882265!5f0.7820865974627469,4543333.333,5.613057325,140,3.090507726,2.401590457,6.56915649,0.04375204746,7.44707238,0,0,0,0.02977601084,0.319105573,3.291271356,3.007556875,7.008114435,0
70,Island of S.M. dei Miracoli,Cannaregio,45.439218,12.339401,https://www.google.com/maps/embed?pb=!4v1750591651819!6m8!1m7!1sP4pSVvEEsaJbJ2h4ZXrzCw!2m2!1d45.43918646937049!2d12.33940303074526!3f110.48450890779688!4f-3.601367507201118!5f0.7820865974627469,4937500,5.203717807,0,0,1.333333333,8.095238095,0.02544483986,8.515296124,0,0,0,0.08435498251,0.9040211992,3.245467604,2.035913002,8.305267109,0
71,Island of San Zuane Grisostomo,Cannaregio,45.438969,12.33721,https://www.google.com/maps/embed?pb=!4v1750591668848!6m8!1m7!1s_7aJVmK1I51ZKHRAs95HnQ!2m2!1d45.43896117511841!2d12.33729290402817!3f9.16447925141708!4f-0.8596694538180287!5f0.7820865974627469,4737500,5.411416505,10,0.2207505519,1.175595238,8.320578231,0.03980699638,7.677265718,0,0,0,0.01318015864,0.1412500183,3.110180146,1.924472358,7.998921975,0
72,Island of Santa Marina,Castello,45.438304,12.339027,https://www.google.com/maps/embed?pb=!4v1750591683471!6m8!1m7!1sCAoSFkNJSE0wb2dLRUlDQWdJREVuS3ZIZWc.!2m2!1d45.4383805210634!2d12.33905227201463!3f109.95688440802232!4f-0.36008921042352426!5f0.7820865974627469,5273000,4.85530324,125,2.759381898,0.7967479675,8.861788618,0.03046284089,8.222496262,0,0,0,0.006480447691,0.06945010146,3.538345731,2.561378413,8.54214244,0
73,Island of Borgoloco,Castello,45.438106,12.340232,https://www.google.com/maps/embed?pb=!4v1750591704805!6m8!1m7!1sIVQakciWBNlhbNwxLhwdkA!2m2!1d45.43812248559068!2d12.34027536472516!3f297.18837793217864!4f-7.997989970342857!5f0.7820865974627469,6247500,3.843291332,0,0,0.40625,9.419642857,0.01649257834,9.037659693,0,0,0,0.01078872367,0.1156213257,3.202316458,1.319637553,9.228651275,0
74,Island of Santa Maria Formosa,Castello,45.437582,12.341371,https://www.google.com/maps/embed?pb=!4v1750591722691!6m8!1m7!1s7ZzjYrrAq-c2qhi0010nlA!2m2!1d45.43757972427149!2d12.34139341400901!3f153.83046121030753!4f-3.128062121884426!5f0.7820865974627469,6920000,3.144904459,10.5,0.2317880795,1.063829787,8.480243161,0.02402942037,8.59788571,1.111111111,0,0,0.005003873237,0.05362584818,3.088508338,1.143439462,8.539064436,0.5555555556
75,Island of San Zuane Laterano,Castello,45.437931,12.343551,https://www.google.com/maps/embed?pb=!4v1750591814792!6m8!1m7!1sCAoSF0NJSE0wb2dLRUlDQWdJQ0V6b3JZelFF!2m2!1d45.43804170689113!2d12.34336854762278!3f7.360768577112935!4f-0.7212364769905264!5f0.7820865974627469,5416250,4.706539047,0.5,0.01103752759,0.1710526316,9.755639098,0.01463082681,9.14629271,0,0,0,0,0,3.374215483,1.572525525,9.450965904,0
76,Island of San Severo,Castello,45.436844,12.343519,https://www.google.com/maps/embed?pb=!4v1750591829737!6m8!1m7!1s1Kt-1DePJW0ePHmP8MItvA!2m2!1d45.4370953898387!2d12.34355360263682!3f92.46706092024623!4f0!5f0.7820865974627469,5779166.667,4.329652451,5,0.1103752759,1.06640625,8.4765625,0.02255671158,8.683818121,0,0,0,0.05368598883,0.5753456472,3.167964857,1.671791125,8.580190311,0
77,Island of San Bortolomio,San Marco,45.437166,12.336744,https://www.google.com/maps/embed?pb=!4v1750591849339!6m8!1m7!1srndDQuTYB6PZRUnElmiH8Q!2m2!1d45.43728763115401!2d12.33659543794539!3f209.89019740624354!4f-5.168229808424286!5f0.7820865974627469,4887500,5.255642481,31,0.6843267108,6.692883895,0.4387372927,0.01654877189,9.034380805,1.25,8.916666667,2.972222222,0.001085500653,0.01163316704,2.806706097,1.983867453,4.736559049,2.111111111
78,Island of Santa Maria della Fava,Castello,45.436999,12.339105,https://www.google.com/maps/embed?pb=!4v1750591909981!6m8!1m7!1slXJIHDGOTDgyvh84-IWqCQ!2m2!1d45.43722775404354!2d12.33921982833638!3f123.35755353455299!4f-13.600574205205419!5f0.7820865974627469,8045000,1.97659928,46,1.015452539,1.53343949,7.809372157,0.02904637434,8.305146944,0,0,0,0.00368692108,0.03951224596,2.735154738,1.010521355,8.05725955,0
79,Island of Querini Stampalia,Castello,45.436346,12.342174,https://www.google.com/maps/embed?pb=!4v1750591929480!6m8!1m7!1snVnRq0B2aShK5rFU4gXv7Q!2m2!1d45.43641031942614!2d12.34219420799453!3f156.53187439005941!4f-7.291844271607033!5f0.7820865974627469,6270000,3.819925228,20,0.4415011038,0.634502924,9.093567251,0.02674190383,8.43961257,0,0,0,0.009314699926,0.09982440808,3.127775794,1.453750247,8.766589911,0
80,Island of San Luca,San Marco,45.435814,12.334915,https://www.google.com/maps/embed?pb=!4v1750591946541!6m8!1m7!1sTvqXirIGaeuUmPb44vFK0w!2m2!1d45.43585430234206!2d12.3349879219873!3f155.83454998630617!4f-3.687777701139396!5f0.7820865974627469,5518750,4.600093464,86,1.898454746,6.138297872,1.23100304,0.009027604036,9.473240202,2.222222222,9.95,3.316666667,0.003509595932,0.03761187577,3.254184602,2.178720029,5.352121621,2.769444444
81,Island of Sant'Anzolo,San Marco,45.434929,12.332492,https://www.google.com/maps/embed?pb=!4v1750591960726!6m8!1m7!1sBtob72jfj_X9sC1YERBNoA!2m2!1d45.43487832763793!2d12.33251354839973!3f322.55100563532955!4f-3.8240829609491414!5f0.7820865974627469,5362500,4.762358073,12,0.2649006623,3.402941176,5.138655462,0.01438918397,9.160392546,2.5,0,0,0.03701598927,0.396695465,3.174714601,1.807984733,7.149524004,1.25
82,Island of Ca'Garzoni,San Marco,45.43509,12.330727,https://www.google.com/maps/embed?pb=!4v1750591973021!6m8!1m7!1sABvU5NFMTB5HJGpzTx1dUQ!2m2!1d45.4351197448237!2d12.33063940433898!3f155.41126863815197!4f7.74982367607987!5f0.7820865974627469,5775833.333,4.333114096,0,0,0.2962962963,9.576719577,0.01706276661,9.004389265,0,2.35,0.7833333333,0.04634641297,0.4966883826,3.456320665,1.60993416,9.290554421,0.3916666667
83,Island of Santo Stefano,San Marco,45.433619,12.329575,https://www.google.com/maps/embed?pb=!4v1750591988204!6m8!1m7!1slw65R3Maj3P7Doo4p5WjFg!2m2!1d45.43365876555303!2d12.32961781386773!3f38.488353009216326!4f0.9900397563964134!5f0.7820865974627469,5383333.333,4.740722791,101.5,2.240618102,2.513742072,6.408939897,0.01314934253,9.23273717,0.9090909091,12.28333333,4.094444444,0.07050826323,0.7556277387,4.054597293,2.578989544,7.820838534,2.501767677
84,Island of Duca,San Marco,45.432615,12.329026,https://www.google.com/maps/embed?pb=!4v1750592006378!6m8!1m7!1slWUw51XtalQXvEe6umBfcw!2m2!1d45.43267896778082!2d12.32896481791319!3f230.7743606441667!4f-0.8672270615054458!5f0.7820865974627469,5400000,4.723414567,200,4.415011038,0.2716049383,9.611992945,0.0266081116,8.447419333,0,0,0,0.09003809361,0.9649263498,4.023252033,3.367783985,9.029706139,0
85,Island of San Maurizio Maggiore,San Marco,45.43246,12.331544,https://www.google.com/maps/embed?pb=!4v1750592023240!6m8!1m7!1s1l1avwELBIujdoqtUiRdMQ!2m2!1d45.43264283228345!2d12.33133806504191!3f56.39029534316456!4f-0.9709039742677277!5f0.7820865974627469,560000,9.749723068,5,0.1103752759,2.803797468,5.994575045,0.01899403731,8.891699811,0,0,0,0.03570783632,0.3826761627,3.589864195,3.414258169,7.443137428,0
86,Island of Ca'Duodo,San Marco,45.43269,12.332388,https://www.google.com/maps/embed?pb=!4v1750592038906!6m8!1m7!1s7iVz80EU7Q-62861Woq6vA!2m2!1d45.4326336553318!2d12.33245217509934!3f292.62043637540216!4f-4.983613262651559!5f0.7820865974627469,5940000,4.162628081,0,0,2.619047619,6.258503401,0.03505535055,7.95452378,0,0,0,0.01996609998,0.2139740548,2.655661331,1.458867379,7.106513591,0
87,Island of Santa Maria Zobenigo,San Marco,45.432322,12.333023,https://www.google.com/maps/embed?pb=!4v1750592054577!6m8!1m7!1sFoSJYgrgwg5SlgRPi5JJaQ!2m2!1d45.43234075675911!2d12.33304901857393!3f331.2395861438338!4f3.1861677127177046!5f0.7820865974627469,4794166.667,5.352568541,0,0,3.409638554,5.12908778,0.02102784769,8.773027178,0,5.35,1.783333333,0.01786399255,0.1914460473,3.032780411,1.848004863,6.951057479,0.8916666667
88,Island of San Fantin,San Marco,45.43389,12.33389,https://www.google.com/maps/embed?pb=!4v1750592075797!6m8!1m7!1s3ATYSnuUoE_8E2zJpn92Hw!2m2!1d45.43390597256592!2d12.33395915786883!3f21.539854808478246!4f2.5131293281382057!5f0.7820865974627469,5547500,4.570236777,5,0.1103752759,6.623376623,0.5380333952,0.01110715134,9.351898823,0,0,0,0.01430693182,0.1533254976,2.103409967,1.611312517,4.944966109,0
89,Island of San Moisè,San Marco,45.432573,12.334596,https://www.google.com/maps/embed?pb=!4v1750592101560!6m8!1m7!1sfMG0UyfMQysjEMxr6iTmwg!2m2!1d45.43247767492746!2d12.33466710768639!3f86.40538081525233!4f-0.9150993549072837!5f0.7820865974627469,6640000,3.435682636,105,2.317880795,1.616541353,7.690655209,0.008191965048,9.521999654,0,0,0,0.04499503537,0.4822058476,3.349774877,2.078589759,8.606327432,0
90,Island of Giardinetti Reali,San Marco,45.432941,12.338208,https://www.google.com/maps/embed?pb=!4v1750592120521!6m8!1m7!1sSWexkBeaor4aq9_Lqf1g7Q!2m2!1d45.43300374209154!2d12.33849641873789!3f34.111508981955126!4f-0.7620734770047051!5f0.7820865974627469,3750000,6.436928829,0,0,3,5.714285714,0,10,0,4.145238095,1.381746032,0.7527362032,8.066974409,4.514276426,4.834634413,7.857142857,0.6908730159
91,Island of San Gallo,San Marco,45.435003,12.337222,https://www.google.com/maps/embed?pb=!4v1750592139292!6m8!1m7!1s69mV0qgsOsAoVZXBYiXapw!2m2!1d45.43495974341911!2d12.33715724032615!3f144.1574326917362!4f1.2969330612799723!5f0.7820865974627469,4622500,5.530843257,115,2.538631347,6.22605364,1.105637657,0.02600333101,8.482708221,0,0,0,0.02301630186,0.2466626652,2.557783307,2.772045756,4.794172939,0
92,Island of San Marco,San Marco,45.434192,12.338053,https://www.google.com/maps/embed?pb=!4v1750592162805!6m8!1m7!1sCAoSFkNJSE0wb2dLRUlDQWdJRE82OWJQY0E.!2m2!1d45.43437714406457!2d12.33883742214241!3f65.74656605555946!4f12.761531167077877!5f0.7820865974627469,7700833.333,2.334014124,126,2.781456954,6.975485189,0.03502115862,0.01624981475,9.051824925,0.3703703704,28.575,9.525,0.002891013357,0.03098260807,3.446952877,1.715484562,4.543423042,4.947685185
93,Island of San Filippo e Giacomo,Castello,45.434945,12.341406,https://www.google.com/maps/embed?pb=!4v1750592184296!6m8!1m7!1sfXIRPGTSLpZG3DqYsUw1eg!2m2!1d45.43373019060774!2d12.34151551589497!3f87.46138706946267!4f1.5842040214143935!5f0.7820865974627469,7228958.333,2.82405324,115.5,2.549668874,4.205714286,3.991836735,0.02091377091,8.779683546,0,15.14019608,5.046732026,0.003935777888,0.04217921147,3.319164805,1.805300442,6.38576014,2.523366013
94,Island of San Zaccaria,Castello,45.434662,12.343332,https://www.google.com/maps/embed?pb=!4v1750592208658!6m8!1m7!1sdDCxrtXYCrNrXY4jeiC8vg!2m2!1d45.43399050260938!2d12.34355019745929!3f257.052806987837!4f0.12761573407152582!5f0.7820865974627469,6433333.333,3.650304625,1.5,0.03311258278,0.7460815047,8.934169279,0.01401301654,9.182341878,0,7.354225352,2.451408451,0.006206526526,0.06651452453,3.473978763,1.249977244,9.058255579,1.225704225
95,Island of San Lorenzo,Castello,45.435899,12.345109,https://www.google.com/maps/embed?pb=!4v1750592226327!6m8!1m7!1sdvoeg0i8u9cMJSOUaCGCFQ!2m2!1d45.43585066864917!2d12.34513325532723!3f209.94170931452842!4f1.1620281831373802!5f0.7820865974627469,5290000,4.837648851,16,0.353200883,1.436363636,7.948051948,0.02474774544,8.555971514,0,8.916666667,2.972222222,0.04342603946,0.4653911257,3.590355221,1.88541362,8.252011731,1.486111111
96,Island of Bragora,Castello,45.435617,12.347135,https://www.google.com/maps/embed?pb=!4v1750592244448!6m8!1m7!1spRjnsuAEYfKPQ3kcmy7riQ!2m2!1d45.43546379512934!2d12.34723739219671!3f251.43942373558195!4f-2.726964453659832!5f0.7820865974627469,5062500,5.07390612,385,8.498896247,2.375275938,6.60674866,0.03817400811,7.772550422,0,0,0,0.06178679147,0.6621608785,4.087751761,4.744987749,7.189649541,0
97,Island of Santa Ternita,Castello,45.436035,12.348763,https://www.google.com/maps/embed?pb=!4v1750592263105!6m8!1m7!1spVEqo1RSoNWOXFSLU978ow!2m2!1d45.43624044503539!2d12.34863709034916!3f229.6741966808353!4f0.3539933058428488!5f0.7820865974627469,3432500,6.766650512,0,0,1.774553571,7.464923469,0.05323112501,6.893969147,0,0,0,0.03515558826,0.3767577932,3.071757275,2.381136102,7.179446308,0
98,Island of San Martin,Castello,45.433808,12.349181,https://www.google.com/maps/embed?pb=!4v1750592281448!6m8!1m7!1sLChwEQd5fK3wwzTqIWtEuA!2m2!1d45.43329006944198!2d12.34867772640289!3f222.62379908970655!4f1.7521586717748647!5f0.7820865974627469,5857583.333,4.248217253,5,0.1103752759,2.133531157,6.952098347,0.04102938649,7.605939377,1.111111111,9.85,3.283333333,0.03134832885,0.3359558973,3.378147228,1.564849475,7.279018862,2.197222222
99,Island of Arsenale,Castello,45.434273,12.353678,https://www.google.com/maps/embed?pb=!4v1750592307943!6m8!1m7!1sT0B9PSYWQfrCw1SF6gBV8A!2m2!1d45.43347940897704!2d12.35351895182141!3f285.32913801263396!4f-1.9843946471464307!5f0.7820865974627469,4750000,5.398435336,0,0,2.460176991,6.485461441,0.002270473193,9.867518115,4,0,0,0.1393914924,1.493840202,3.892179299,2.297425179,8.176489778,2
100,Island of San Daniel,Castello,45.43402,12.356369,https://www.google.com/maps/embed?pb=!4v1750592367720!6m8!1m7!1srSeNKf_R-cCSxqP1LQAzhw!2m2!1d45.43394461944069!2d12.35643717143603!3f266.4674466925223!4f0!5f0.7820865974627469,3999500,6.177824702,0,0,0.3071161049,9.561262707,0.0139512508,9.185945903,0,0,0,0.2353060565,2.521743909,3.920968174,2.899856204,9.373604305,0
101,Island of Campo Ruga,Castello,45.433776,12.357429,https://www.google.com/maps/embed?pb=!4v1750592384966!6m8!1m7!1sH9zPk1NKZjw0ElXEmyvX9g!2m2!1d45.43374859272646!2d12.35726741306221!3f262.60306942385466!4f-0.5358398764655732!5f0.7820865974627469,319000,10,15,0.3311258278,1.18134715,8.312361214,0.04070779346,7.624704298,2.5,0,0,0.02141636038,0.2295163039,4.142529663,3.520214044,7.968532756,1.25
102,Island of San Piero,Castello,45.433903,12.35992,https://www.google.com/maps/embed?pb=!4v1750592412892!6m8!1m7!1svgT4PLmqqhKtTXO8b8KVqA!2m2!1d45.43438732851683!2d12.35918231191441!3f280.8065932935749!4f-2.394232358020645!5f0.7820865974627469,3437500,6.761458045,0,0,0.1643454039,9.765220852,0.006902314699,9.597250623,0,2.55,0.85,0.2529280677,2.710596674,4.240646599,3.157351573,9.681235738,0.425
103,Island of Sant'Ana,Castello,45.431757,12.354855,https://www.google.com/maps/embed?pb=!4v1750592430312!6m8!1m7!1ssxv_UmHFI5665LPZYRc01w!2m2!1d45.43187997313905!2d12.35487236357645!3f171.8249521930058!4f-2.1305431664256247!5f0.7820865974627469,3958666.667,6.220229853,286.5,6.324503311,1.327868852,8.103044496,0.03304524657,8.071813148,1.666666667,0,0,0.1500488269,1.608053448,4.570615846,4.717595537,8.087428822,0.8333333333
104,Island of San Isepo,Castello,45.42937,12.357634,https://www.google.com/maps/embed?pb=!4v1750592445381!6m8!1m7!1sAFD_O2lRAltYhWhdVJgN1g!2m2!1d45.42930729198621!2d12.35780894550795!3f232.75780764957992!4f-4.4343314204657815!5f0.7820865974627469,3000000,7.215798948,300,6.622516556,0.3846153846,9.450549451,0.003786152498,9.779078378,1.428571429,8.340123457,2.780041152,0.6211416498,6.656692971,6.276178412,6.831669492,9.614813914,2.10430629
105,Island of Sant'Elena,Castello,45.428661,12.361295,https://www.google.com/maps/embed?pb=!4v1750592468442!6m8!1m7!1sPwc_mhRN3Kz676pJ5twqdg!2m2!1d45.42877042359343!2d12.3602111900179!3f189.10319069125035!4f2.1193333715255704!5f0.7820865974627469,5552500,4.565044309,125.5,2.770419426,0.08130563798,9.883849089,0.008096805766,9.527552188,7.5,8.75,2.916666667,0.4411015785,4.727227321,5.984394143,4.020897019,9.705700639,5.208333333
106,Island of Stadio Sant'Elena,Castello,45.426949,12.36492,https://www.google.com/maps/embed?pb=!4v1750592495287!6m8!1m7!1s1fi_vx_iO0gwNnBLgCa2Vw!2m2!1d45.42699938292665!2d12.36497294061209!3f75.50905681797443!4f-0.8592064049282584!5f0.7820865974627469,5645000,4.468983661,1,0.02207505519,0.25,9.642857143,0.00003957457334,9.997690828,10,0,0,0.3574727765,3.830988503,5.423227884,2.77401574,9.820273985,5
107,Island of Sacca Fisola,Giudecca,45.42768,12.315078,https://www.google.com/maps/embed?pb=!4v1750592518755!6m8!1m7!1soCrGEvMBFfIqQZVAm4gZzw!2m2!1d45.42774636054066!2d12.31487422216503!3f228.56457703985885!4f1.6564815210257962!5f0.7820865974627469,320000,9.998961507,11,0.2428256071,0.004394726328,9.99372182,0.02375350775,8.613985184,6.666666667,3.695121951,1.231707317,0.3519018643,3.771285773,5.788450553,4.671024296,9.303853502,3.949186992
108,Island of AMAV,Dorsoduro,45.425767,12.312107,https://www.google.com/maps/embed?pb=!4v1750592696787!6m8!1m7!1slFC6E05H5HOs49LGDlWIdw!2m2!1d45.42671916085614!2d12.31222931196223!3f166.6817316420027!4f1.2472910233807681!5f0.7820865974627469,0,10,0,0,0,10,0,10,5,0,0,0.3773027015,4.043503188,5.577643313,4.681167729,10,2.5
109,Island of Piscina Comunale,Dorsoduro,45.425929,12.313759,https://www.google.com/maps/embed?pb=!4v1750592638910!6m8!1m7!1sSo8-5BZFovG09NIPiUAXwQ!2m2!1d45.4264963449888!2d12.31374702271524!3f153.91370883315017!4f5.615038231202618!5f0.7820865974627469,0,10,0,0,0,10,0,10,10,0,0,0.4071341532,4.363202913,6.337600416,4.787734304,10,5
110,Island of Sacca San Biagio,Dorsoduro,45.42598,12.315241,https://www.google.com/maps/embed?pb=!4v1750592609089!6m8!1m7!1sm7K0BrS60-9US-0X0iJIpg!2m2!1d45.4261999754447!2d12.31540639415332!3f164.21265219008646!4f1.5169450828408912!5f0.7820865974627469,0,10,0,0,0,10,0,10,10,0,0,0.3201129745,3.430608441,6.204372634,4.47686948,10,5
111,Island of Molino Stucky,Giudecca,45.426998,12.318912,https://www.google.com/maps/embed?pb=!4v1750592724336!6m8!1m7!1suaiWgCFaUeuLoQkla6Ohjg!2m2!1d45.42697757017041!2d12.31897200068902!3f119.89632831299518!4f-3.372467754497478!5f0.7820865974627469,4125000,6.047493769,0,0,0.1388012618,9.801712483,0.008574414517,9.499683765,0,0,0,0.3265425437,3.499513285,4.121200472,3.182335685,9.650698124,0
112,Island of San Biagio,Giudecca,45.427112,12.321629,https://www.google.com/maps/embed?pb=!4v1750592741039!6m8!1m7!1sahyhUuO-gutiSR8Gvlol7Q!2m2!1d45.42761344850097!2d12.32191290611735!3f317.1016917619891!4f0.7217003667001194!5f0.7820865974627469,4485000,5.673636112,0,0,0.1266233766,9.819109462,0.01823363327,8.936069311,0,0,0,0.3166015024,3.39297646,3.974541621,3.022204191,9.377589387,0
113,Island of Convertite,Dorsoduro,45.425407,12.320932,https://www.google.com/maps/embed?pb=!4v1750592758549!6m8!1m7!1sOxmuz8tu7heqYf9N_2TpGA!2m2!1d45.42627530930842!2d12.32142104752413!3f107.74802850389574!4f-5.975075342320011!5f0.7820865974627469,750000,9.552409305,0,0,0.04761904762,9.931972789,0.002285397694,9.866647272,0,0,0,0.3819786783,4.093615014,4.77780634,4.548674773,9.89931003,0
114,Island of Sant'Eufemia,Dorsoduro,45.425293,12.324361,https://www.google.com/maps/embed?pb=!4v1750593182685!6m8!1m7!1s2ZVNfsZGYK4stKH5ND_Sjg!2m2!1d45.42582626423091!2d12.32316632204952!3f197.32616009030903!4f22.59891040997428!5f0.7820865974627469,389000,9.927305456,21,0.4635761589,0.1162790698,9.833887043,0.006418485237,9.625482024,2,5.895121951,1.96504065,0.2263271649,2.425518315,5.177258521,4.27213331,9.729684534,1.982520325
115,Island of Palada,Dorsoduro,45.425513,12.327599,https://www.google.com/maps/embed?pb=!4v1750592794585!6m8!1m7!1sT0Asix2RqMDZcMzzaqhxxw!2m2!1d45.42609083330189!2d12.32786604929858!3f107.89036358114888!4f-4.94339369855814!5f0.7820865974627469,3877500,6.304520908,17,0.3752759382,0.0303030303,9.956709957,0.006163328197,9.640370412,3.333333333,0,0,0.08064163322,0.8642257257,4.353490896,2.514674191,9.798540185,1.666666667
116,Island of Junghans,Dorsoduro,45.424132,12.326689,https://www.google.com/maps/embed?pb=!4v1750592824163!6m8!1m7!1sKyyaZJsLf2LB8r2kQ2N73A!2m2!1d45.42439826521894!2d12.32684743171188!3f104.92672874860314!4f-4.754890335671206!5f0.7820865974627469,3790000,6.395389089,400,8.830022075,0.2266666667,9.676190476,0.008077615347,9.528671947,0,0,0,0.182058587,1.951097816,5.197338772,5.725502993,9.602431212,0
117,Island of Redentore,Dorsoduro,45.424359,12.330992,https://www.google.com/maps/embed?pb=!4v1750592841770!6m8!1m7!1sozhHUioIEKeV4lFrIhJHrg!2m2!1d45.42551223760239!2d12.3314358608655!3f101.51960220895256!4f-0.4806964520833077!5f0.7820865974627469,4181250,5.98907851,111,2.450331126,0.6015831135,9.140595552,0.006042115339,9.647443171,0,2.795121951,0.9317073171,0.2344023637,2.512059154,4.381602118,3.650489596,9.394019361,0.4658536585
118,Island of Zittelle,Dorsoduro,45.425191,12.337782,https://www.google.com/maps/embed?pb=!4v1750592862262!6m8!1m7!1sCAoSFENJSE0wb2dLRUlDQWdJREVfTkp2!2m2!1d45.4263191007451!2d12.33717841913945!3f62.80865919562173!4f0.44081128359830757!5f0.7820865974627469,605000,9.702990861,20,0.4415011038,0.05500705219,9.921418497,0.003580813769,9.791059873,0,2.795121951,0.9317073171,0.4504668845,4.827594068,5.088038817,4.990695344,9.856239185,0.4658536585
119,Island of San Giorgio,Dorsoduro,45.428024,12.344211,https://www.google.com/maps/embed?pb=!4v1750592879808!6m8!1m7!1sv476le-jeBtZonmINlG3ag!2m2!1d45.42828822376947!2d12.34445391986452!3f8.367659868404864!4f-1.0479270394911993!5f0.7820865974627469,0,10,0,0,2,7.142857143,0.00003055518776,9.998217108,0,1.233333333,0.4111111111,0.432790643,4.638160123,4.598620784,4.879386708,8.570537125,0.2055555556
120,Island of Inceneritore,Dorsoduro,45.426843,12.309497,https://www.google.com/maps/embed?pb=!4v1750592900417!6m8!1m7!1s_hHTaAkZcMZGLYYVpgE_og!2m2!1d45.42598743192101!2d12.30710522374512!3f54.1074162252822!4f5.63341471926482!5f0.7820865974627469,0,10,0,0,0,10,0,10,0,0,0,0.9331084556,10,5.714285714,6.666666667,10,0
121,Island of Stazione Marittima,San Croce,45.437706,12.310575,https://www.google.com/maps/embed?pb=!4v1750592941141!6m8!1m7!1sFVRvJtRaOgexT1RWl8y8Tg!2m2!1d45.43744484937247!2d12.31080045489727!3f16.85618819065924!4f8.85908571318042!5f0.7820865974627469,0,10,0,0,0,10,0.00004437634881,9.997410644,0,4.033333333,1.344444444,0.02516885209,0.2697312616,4.515940907,3.423243754,9.998705322,0.6722222222
122,Island of Tronchetto,San Croce,45.441524,12.30642,https://www.google.com/maps/embed?pb=!4v1750592966404!6m8!1m7!1sDMENdSWB9UGiU0LRNgjkJQ!2m2!1d45.44167400763838!2d12.30637759014635!3f31.5549241401645!4f-1.4660958802456463!5f0.7820865974627469,0,10,0,0,0,10,0.00006398157331,9.996266682,0,1.193548387,0.3978494624,0.006653336682,0.07130292992,4.352202725,3.357100977,9.998133341,0.1989247312
123,Island of San Giobbe,Cannaregio,45.44417,12.319895,https://www.google.com/maps/embed?pb=!4v1750592986724!6m8!1m7!1sgEH96a3lBz38Z-0FkNXKBA!2m2!1d45.44448255173112!2d12.32056652076837!3f44.94485383222496!4f-8.948508862700706!5f0.7820865974627469,3762500,6.42394766,0,0,0.1180257511,9.831391784,0.01324621174,9.227084862,2.857142857,7.3,2.433333333,0.4286464038,4.59374686,5.052378194,3.67256484,9.529238323,2.645238095
124,Island of Diporto Velico,Castello,45.430408,12.364978,https://www.google.com/maps/embed?pb=!4v1750593009142!6m8!1m7!1s6DsyW3QlSK2vldzPAi5Pcg!2m2!1d45.43032511529701!2d12.36559034764329!3f228.68361915713442!4f0.3792261823449081!5f0.7820865974627469,0,10,0.5,0.01103752759,7,0,0,10,0,0,0,0,0,2.858719647,3.337012509,5,0
125,Island of Darsena San Giorgio,Dorsoduro,45.429935,12.344805,https://www.google.com/maps/embed?pb=!4v1750593027632!6m8!1m7!1sdrS6Z150ZgFm7Zzk87A9Hw!2m2!1d45.4305796871162!2d12.34393504396138!3f165.1871232282057!4f9.788490399795194!5f0.7820865974627469,0,10,0,0,0,10,0.001962708538,9.885476152,0,0,0,0,0,4.269353736,3.333333333,9.942738076,0
126,Island of Scorzeri,Giudecca,45.424181,12.3267052,https://www.google.com/maps/embed?pb=!4v1750593050979!6m8!1m7!1svd7CwIRi7-5dVPx7txvF6A!2m2!1d45.42407364310495!2d12.32663493207291!3f108.77495561151433!4f-1.620768055768778!5f0.7820865974627469,360000,9.957421767,0,0,0,10,0.1713798978,0,0,0,0,0,0,2.851060252,3.319140589,5,0
,,,,,,,,,,,,,,,,,,,,,,
,,,,,,AVERAGES,5.864397476,,1.242597849,,8.080693556,,8.894678497,0.7130393122,,0.9662785598,,1.664942893,3.918089735,2.923979406,8.487686026,0.839658936